feature_set,MAE,RMSE,R2
raw,76.44246345182461,88.44390213675331,0.9245679091319678
raw_plus_kf,70.39753707228336,81.37405293610938,0.9361453910787405
raw_plus_ekf,70.49793934087825,81.84691770653976,0.9354011163543243
raw_plus_aekf,71.06711919479164,82.23967814707187,0.9347796448805159
