filter,MAE,RMSE,ConvergenceStep,StabilityStd
KF,0.5044525577265216,0.562160333409727,1.0,0.24772144350106132
EKF,0.540982879269628,0.5985174708439218,0.0,0.25450316958665126
AEKF,0.5401137761257411,0.597853613641642,0.0,0.2545031689295765
